,t,nb_pts,k=0,k=1,k=2,k=3,k=4
0,0.0,6671.0,5.0,5.0,5.0,5.0,5.0
1,66.7,6660.0,5.5963792870244795,25.00174995044011,25.00174995044011,25.00174995044011,25.00174995044011
2,133.3,6670.0,9.939102133439432,49.15222953391867,20.058538154643053,9.188715911011542,9.188715911011542
