,t,nb_pts,k=0,k=1,k=2
0,0.0,1001.0,5.0,5.0,5.0
1,10.0,1000.0,3.9755828627072387,2.1462591908913295,2.1462591908913295
