,t,nb_pts,k=0,k=1,k=2,k=3,k=4
0,0.0,6671.0,0.0,0.0,0.0,0.0,0.0
1,6.67,6660.0,0.18694757963186526,0.18694746983706922,0.18694746983706922,0.18694746983706922,0.18694746983706922
2,13.33,6670.0,-0.12522143991522464,-0.1252219988321632,-0.12522171916404792,-0.12522199883182586,-0.12522199883182586
