,t,nb_pts,k=0,k=1,k=2
0,0.0,1001.0,5.0,5.0,5.0
1,10.0,1000.0,6.2199492032875545,3.780607209248246,3.780607209248246
