,t,nb_pts,k=0,k=1,k=2
0,0.0,1001.0,5.0,5.0,5.0
1,10.0,1000.0,20.469139045544953,11.405569163308588,11.405569163308588
