,t,nb_pts,k=0,k=1,k=2,k=3,k=4
0,0.0,6671.0,5.0,5.0,5.0,5.0,5.0
1,66.7,6660.0,0.4778833157022406,0.42094189636819307,0.42094189636819307,0.42094189636819307,0.42094189636819307
2,133.3,6670.0,4.2008088020765655,9.315259614085631,-0.07053648859468709,-0.244299885519494,-0.244299885519494
