,t,nb_pts,k=0,k=1,k=2,k=3,k=4
0,0.0,6671.0,5.0,5.0,5.0,5.0,5.0
1,66.7,6660.0,0.963526721175619,-2.8255126087986593,-2.8255126087986593,-2.8255126087986593,-2.8255126087986593
2,133.3,6670.0,7.813539139100326,1.6557444687760867,1.0097139664107306,-0.44726525086068847,-0.44726525086068847
